subject,predicate,object
He,lead,the section responsible for German naval cryptanalysis
He,play,a crucial role in cracking
Turing,join,Max Newman 's Computing Machine Laboratory
He,accept,"hormone treatment , a procedure commonly referred to as chemical castration , as an alternative to prison"
The inquest,determine,his death as suicide
British prime minister Gordon Brown,make,an official public apology
Queen Elizabeth II,grant,a pardon
"The term "" Alan Turing law """,use,"that outlawed homosexual acts.[16 ] Turing left an extensive legacy in mathematics and computing which has become widely recognised with statues and many things named after him , including an annual award for computing innovation"
Julius 's work with the ICS,bring,the family
He,discover,Natural Wonders
He,credit,It
Turing 's parents,purchase,a house in Guildford
Turing 's parents,enrol,him
The headmistress,recognise,his talent
He,go,"an independent boarding school in the market town of Sherborne in Dorset , where he boarded at Westcott House"
Turing 's natural inclination towards mathematics and science,earn,"respect from some of the teachers at Sherborne , whose definition of education placed more emphasis on the classics"
His headmaster,write,I hope he will not fall between two stools
He,grasp,It
Turing,write,I am sure I could not have found anywhere another companion so brilliant and yet so charming and unconceited
He,write,I expect you will be thinking of Chris when this reaches you
Some,speculate,"Apparently , at this point in his life he still believed in such concepts as a spirit , independent of the body and surviving death"
His dissertation,prove,a version of the central limit
He,publish,"his first paper , a one - page article called Equivalence of left and right almost periodicity ( sent on 23 April ) ,"
the committee,find,Turing 's methods original and so regarded the work worthy of consideration for the fellowship
Turing,send,the first draft typescript of his investigations
Church,publish,his An Unsolvable Problem of Elementary Number Theory
Turing,prove,"that his "" universal computing machine "" would be capable of performing any conceivable mathematical computation if it were representable as an algorithm"
It,include,"a notion of a ' Universal Machine ' ( now known as a universal Turing machine ) , with the idea that such a machine could perform the tasks of any other computation machine ( as indeed could Church 's lambda calculus )"
John von Neumann,acknowledge,that the central concept of the modern computer was due to Turing 's paper.[65 ]
He,study,cryptology
He,attend,lectures given in 1939 by Ludwig Wittgenstein about the foundations of mathematics.[72 ]
The historian and wartime codebreaker Asa Briggs,say,"You needed exceptional talent , you needed genius at Bletchley and Turing 's was that genius"
Turing,work,the British codebreaking organisation
Turing,make,an innovative contribution to the subject
He,write,two papers discussing mathematical approaches
"A GCHQ mathematician , "" who identified himself only as Richard",say,"that the fact that the contents had been restricted under the Official Secrets Act for some 70 years demonstrated their importance , and their relevance to post - war cryptanalysis:[85"
Richard,say,"that GCHQ had now "" squeezed the juice "" out of the two papers and was "" happy for them to be released into the public domain """
Turing,have,a reputation for eccentricity at Bletchley Park
we,believe,that we ourselves could have created such concepts and originated such thoughts
one,realize,"that one is in the presence of an intelligence , a sensibility of such profundity and originality that one is filled with wonder and excitement"
official war historian Harry Hinsley,estimate,that this work shortened the war in Europe by more than two years
He,add,that this did not account for the use of the atomic bomb and other eventualities.[98
Turing,specify,"an electromechanical machine called the bombe , which could break Enigma more effectively than the Polish bomba kryptologiczna , from which its name was derived"
The bombe,become,one of the primary tools
Most of the possible settings,cause,contradictions
They,set,a good working system for decrypting Enigma signals
They,need,more resources
They,emphasise,how small their need was compared with the vast expenditure of men and money by the forces and compared with the level of assistance they could offer to the forces.[105 ]
This letter,have,an electric effect
Churchill,write,a memo
the chief of the secret service,report,"as Milner - Barry recalled , "" All that we did notice was that almost from that day the rough ways began miraculously to be made smooth"
Turing,solve,"the essential part of the naval indicator system , which was more complex than the indicator systems used by the other services.[110][111 ]"
He,invent,a measure of weight of evidence that he called the ban
Banburismus,rule,certain sequences of the Enigma rotors
He,visit,their Computing Machine Laboratory
Hugh Alexander,assume,the position of head of Hut 8
Turing,devise,a technique termed Turingery ( or jokingly Turingismus[121 ] )
He,introduce,the Tunny team
He,develop,his knowledge of electronics with the assistance of REME officer Donald Bayley
They,undertake,The machine was intended for different applications
He,present,Von Neumann 's incomplete First Draft of a Report on the EDVAC had predated Turing 's paper
the effect of the Official Secrets Act surrounding the wartime work at Bletchley Park,make,it impossible
It,execute,its first program
It,take,place
The interrogation,have,the form of a colloquium
Turing,write,the first version of the Programmer 's Manual for this machine
Turing,suggest,"that rather than building a program to simulate the adult mind , it would be better to produce a simpler one to simulate a child 's mind and then to subject it to a course of education"
He,suggest,"that a system of chemicals reacting with each other and diffusing across space , termed a reaction – diffusion system , could account for "" the main phenomena of morphogenesis"".[151 ]"
He,use,systems of partial differential equations
we,say,"that the reaction is autocatalytic , and there is positive feedback that can be modelled by nonlinear differential equations"
Turing,discover,"that patterns could be created if the chemical reaction not only produced catalyst A , but also produced an inhibitor B that slowed down the production of A."
you,have,some regions where A dominated and some where B did
Turing,need,a powerful computer
These calculations,give,the right qualitative results
The Russian biochemist Boris Belousov,perform,experiments with similar results
A study conducted in 2023,confirm,Turing 's mathematical model hypothesis
the experiment,involve,growing chia seeds
Researchers,tweak,patterns resembling those seen in natural environments emerged
Turing,find,that he was unable to break his own code describing where exactly he had hidden them
This,mean,that he never regained the silver.[164
He,acknowledge,a sexual relationship with Murray
The treatment rendered Turing impotent and,cause,breast tissue
Turing,write,"that "" no doubt I shall emerge from it all a different man , but quite who I 've not found out"".[176][177 ] Murray was given a conditional discharge.[178 ] Turing 's conviction led to the removal of his security clearance and barred him from continuing with his cryptographic consultancy for GCHQ , the British signals intelligence agency that had evolved from GC&CS in 1946 , though he kept his academic post"
His trial,take,place
He,visit,Norway which was more tolerant of homosexuals
Turing 's housekeeper,find,"A post mortem was held that evening , which determined that he had died the previous day at age 41 with cyanide poisoning cited as the cause of death.[184][185 ]"
"Turing 's brother , John ,",identify,the body
The inquest,hold,"the following day , which determined the cause of death to be suicide.[174 ]"
"His nephew , writer Dermot Turing ,",believe,that his conviction or hormone treatment had anything to do with his suicide
He,point,that the conviction ended in 1952 and the treatment the following year
no physiological evidence,find,that the treatment had any impact on his uncle 's mental health
She,accept,the verdict of suicide.[187
He,suggest,an alternative explanation for the cause of Turing 's death : the accidental inhalation of cyanide fumes from an apparatus used to electroplate gold onto spoons
Turing,have,such an apparatus set up in his tiny spare room
Copeland,note,that the autopsy findings were more consistent with inhalation than with ingestion of the poison
Turing,bear,his legal setbacks and hormone treatment ( which had been discontinued a year previously
Turing biographer Andrew Hodges,theorise,"who , in his review of Hodges ' book , recalls "" Turing 's vulnerable position in the Cold War political climate "" and points out that "" Turing was found dead by a maid , who discovered him ' lying neatly in his bed'—hardly"
Both men,note,] It has also been suggested that Turing 's belief in fortune - telling may have caused his depressed mood.[192 ]
Turing,tell,that he would be a genius
He,think,it would be a good idea to go to the Pleasure Beach at Blackpool
we,find,a fortune - teller 's tent
we,know,what the fortune - teller said
British programmer John Graham - Cumming,start,"a petition urging the British government to apologise for Turing 's prosecution as a homosexual.[199][200 ] The petition received more than 30,000 signatures.[201][202 ]"
British prime minister Gordon Brown,acknowledge,the petition
you,deserve,so much better.[201][204
He,kill,himself
This,remain,a shame on the British government and British history
the petition,gather,"over 37,000 signatures,[205][207"
He,know,that his offence was against the law and that he would be prosecuted
the law,require,a prosecution
Leech,make,"that Turing 's contribution to the war made him a national hero and that it was "" ultimately just embarrassing "" that the conviction still stood.[211 ] Leech continued to take the bill through Parliament and campaigned for several years , gaining the public support of numerous leading scientists , including the physicist Stephen Hawking.[212][213 ] On 26 July 2012 , a bill was introduced in the House of Lords to grant a statutory pardon to Turing for offences under section 11 of the Criminal Law Amendment Act 1885 , of which he was convicted on 31 March 1952.[214 ]"
Lord Chancellor Chris Grayling,say,"Turing deserved to be "" remembered and recognised for his fantastic contribution to the war effort "" and not for his later criminal conviction.[207][223 ] The Queen pronounced Turing pardoned in August 2014.[224 ]"
the government,announce,"its intention to expand this retroactive exoneration to other men convicted of similar historical indecency offences , in what was described as an "" Alan Turing law"".[227][228"
"The Imitation Game , the producers thanked Leech for bringing the topic to public attention and securing Turing 's pardon.[233 ] On 19 July 2023 , following an apology to LGBT veterans from the UK Government , Defence Secretary Ben Wallace",suggest,"Turing should be honoured with a permanent statue on the fourth plinth of Trafalgar Square , describing Turing as "" probably the greatest war hero , in my book , of the Second World War , [ whose ] achievements shortened the war"
